CA002303986,19940101,TMAX,-370,,,C,
CA002303986,19940101,TMIN,-390,,,C,
CA002303986,19940101,PRCP,0,,,C,
CA002303986,19940101,SNOW,0,,,C,
CA002303986,19940101,SNWD,50,,,C,
CA002303986,19950101,TMAX,-185,,,C,
CA002303986,19950101,TMIN,-225,,,C,
CA002303986,19950101,PRCP,0,,,C,
CA002303986,19950101,SNOW,0,,,C,
CA002303986,19950101,SNWD,140,,,C,
CA002303986,19960101,TMAX,-250,,,C,
CA002303986,19960101,TMIN,-350,,,C,
CA002303986,19960101,PRCP,0,,,C,
CA002303986,19960101,SNOW,0,,,C,
CA002303986,19960101,SNWD,120,,,C,
CA002303986,19970101,TMAX,-230,,,C,
CA002303986,19970101,TMIN,-350,,,C,
CA002303986,19970101,PRCP,0,,,C,
CA002303986,19970101,SNOW,0,,,C,
CA002303986,19970101,SNWD,90,,,C,
CA002303986,19980101,TMAX,-360,,,C,
CA002303986,19980101,TMIN,-385,,,C,
CA002303986,19980101,PRCP,0,,,C,
CA002303986,19980101,SNOW,0,,,C,
CA002303986,19980101,SNWD,50,,,C,
CA002303986,19990101,TMAX,-290,,,C,
CA002303986,19990101,TMIN,-330,,,C,
CA002303986,19990101,PRCP,0,,,C,
CA002303986,19990101,SNOW,0,,,C,
CA002303986,19990101,SNWD,50,,,C,
CA002303986,20000101,TMAX,-300,,,C,
CA002303986,20000101,TMIN,-345,,,C,
CA002303986,20000101,PRCP,0,,,C,
CA002303986,20000101,SNOW,0,,,C,
CA002303986,20000101,SNWD,120,,,C,
CA002303986,20010101,TMAX,-340,,,C,
CA002303986,20010101,TMIN,-350,,,C,
CA002303986,20010101,PRCP,2,,,C,
CA002303986,20010101,SNOW,2,,,C,
CA002303986,20010101,SNWD,160,,,C,
CA002303986,20020101,TMAX,-130,,,C,
CA002303986,20020101,TMIN,-260,,,C,
CA002303986,20020101,PRCP,0,,,C,
CA002303986,20020101,SNOW,0,,,C,
CA002303986,20020101,SNWD,320,,,C,
CA002303986,20030101,TMAX,-170,,,C,
CA002303986,20030101,PRCP,4,,,C,
CA002303986,20030101,SNOW,4,,,C,
CA002303986,20030101,SNWD,100,,,C,
CA002303986,20040101,TMAX,-220,,,C,
CA002303986,20040101,TMIN,-370,,,C,
CA002303986,20040101,PRCP,0,,,C,
CA002303986,20040101,SNOW,0,,,C,
CA002303986,20040101,SNWD,560,,,C,
CA002303986,20050101,TMAX,-290,,,C,
CA002303986,20050101,TMIN,-330,,,C,
CA002303986,20050101,PRCP,0,,,C,
CA002303986,20050101,SNOW,0,,,C,
CA002303986,20050101,SNWD,240,,,C,
CA002303986,20060101,TMAX,-175,,,C,
CA002303986,20060101,TMIN,-290,,,C,
CA002303986,20060101,PRCP,0,,,C,
CA002303986,20060101,SNOW,0,,,C,
CA002303986,20060101,SNWD,220,,,C,
CA002303986,20070101,TMAX,-130,,,C,
CA002303986,20070101,TMIN,-220,,,C,
CA002303986,20070101,PRCP,0,T,,C,
CA002303986,20070101,SNOW,0,T,,C,
CA002303986,20080101,TMAX,-315,,,C,
CA002303986,20080101,PRCP,4,,,C,
CA002303986,20080101,SNOW,4,,,C,
CA002303986,20100101,TMAX,205,,G,C,
CA002303986,20100101,TMIN,-300,,,C,
CA002303986,20100101,PRCP,4,,,C,
CA002303986,20100101,SNOW,4,,,C,
CA002303986,20100101,SNWD,0,,I,C,
USC00244596,19240101,TMAX,-211,,,6,
USC00244596,19240101,TOBS,-278,,,6,
USC00244596,19240101,PRCP,0,,,6,
USC00244596,19240101,SNOW,0,,,6,
USC00244596,19240101,SNWD,51,,,6,
CA002303986,19860101,TMAX,-270,,,C,
CA002303986,19860101,TMIN,-290,,,C,
CA002303986,19860101,PRCP,0,,,C,
CA002303986,19860101,SNOW,0,,,C,
CA002303986,19870101,TMAX,-250,,,C,
CA002303986,19870101,TMIN,-370,,,C,
CA002303986,19870101,PRCP,0,,,C,
CA002303986,19870101,SNOW,0,,,C,
CA002303986,19870101,SNWD,430,,,C,
CA002303986,19880101,TMAX,-230,,,C,
CA002303986,19880101,TMIN,-305,,,C,
CA002303986,19880101,PRCP,0,,,C,
CA002303986,19880101,SNOW,0,,,C,
CA002303986,19890101,TMAX,-360,,,C,
CA002303986,19890101,TMIN,-380,,,C,
CA002303986,19890101,PRCP,0,,,C,
CA002303986,19890101,SNOW,0,,,C,
CA002303986,19900101,TMAX,-260,,,C,
CA002303986,19900101,TMIN,-325,,,C,
CA002303986,19900101,PRCP,0,T,,C,
CA002303986,19900101,SNOW,0,T,,C,
CA002303986,19920101,TMAX,-70,,,C,
CA002303986,19920101,TMIN,-240,,,C,
CA002303986,19920101,PRCP,4,,,C,
CA002303986,19920101,SNOW,4,,,C,
CA002303986,19920101,SNWD,420,,,C,
CA002303986,19930101,TMAX,-140,,,C,
CA002303986,19930101,TMIN,-280,,,C,
CA002303986,19930101,PRCP,0,,,C,
CA002303986,19930101,SNOW,0,,,C,
CA002303986,19930101,SNWD,200,,,C,
USC00244596,19250101,TMAX,-106,,,6,
USC00244596,19250101,TMIN,-267,,,6,
USC00244596,19250101,TOBS,-128,,,6,
USC00244596,19250101,PRCP,0,,,6,
USC00244596,19250101,SNOW,0,,,6,
USC00244596,19250101,SNWD,152,,,6,
USC00244596,19260101,TMAX,-44,,,6,
USC00244596,19260101,TMIN,-206,,,6,
USC00244596,19260101,TOBS,-94,,,6,
USC00244596,19260101,PRCP,0,P,,6,
USC00244596,19260101,SNWD,76,,,6,
USC00244596,19270101,TMAX,78,,,6,
USC00244596,19270101,TMIN,-17,,,6,
USC00244596,19270101,TOBS,17,,,6,
USC00244596,19270101,PRCP,0,P,,6,
USC00244596,19270101,SNOW,0,,,6,
USC00244596,19280101,TMAX,-244,,,6,
USC00244596,19280101,TMIN,-406,,,6,
USC00244596,19280101,TOBS,-278,,,6,
USC00244596,19280101,SNOW,102,,,6,
USC00244596,19280101,SNWD,102,,,6,
USC00244596,19290101,TMAX,-22,,,6,
USC00244596,19290101,TMIN,-278,,,6,
USC00244596,19290101,TOBS,-67,,,6,
USC00244596,19290101,PRCP,0,P,,6,
USC00244596,19290101,SNOW,0,,,6,
USC00244596,19290101,SNWD,76,,,6,
USC00244596,19300101,PRCP,0,P,,6,
USC00244596,19300101,SNOW,0,,,6,
USC00244596,19320101,TMAX,-22,,,6,
USC00244596,19320101,TMIN,-144,,,6,
USC00244596,19320101,TOBS,-78,,,6,
USC00244596,19320101,PRCP,0,P,,6,
USC00244596,19320101,SNOW,0,,,6,
USC00244596,19330101,TMAX,11,,,6,
USC00244596,19330101,TMIN,-89,,,6,
USC00244596,19330101,TOBS,-22,,,6,
USC00244596,19330101,SNWD,76,,,6,
USC00244596,19350101,TMAX,56,,,6,
USC00244596,19350101,TMIN,-6,,,6,
USC00244596,19350101,TOBS,22,,,6,
USC00244596,19350101,PRCP,0,P,,6,
USC00244596,19360101,TMAX,61,,,6,
USC00244596,19360101,TMIN,-67,,I,6,
USC00244596,19360101,TOBS,28,,,6,
USC00244596,19360101,PRCP,0,P,,6,
USC00244596,19360101,SNOW,0,,,6,
US1FLSL0019,20090101,PRCP,0,,,N,
US1FLSL0019,20090101,SNOW,0,,,N,
US1FLSL0019,20100101,PRCP,0,T,,N,
US1FLSL0019,20110101,PRCP,0,T,,N,
US1FLSL0019,20120101,PRCP,0,,,N,
US1FLSL0019,20120101,SNOW,0,,,N,
US1FLSL0019,20130101,PRCP,0,,,N,
US1FLSL0019,20130101,SNOW,0,,,N,
US1FLSL0019,20140101,PRCP,0,T,,N,
US1FLSL0019,20150101,PRCP,173,,,N,
US1FLSL0019,20160101,PRCP,3,,,N,
ASN00037003,19060101,PRCP,533,,,a,
ASN00037003,19070101,PRCP,0,,,a,
ASN00037003,19080101,PRCP,0,,,a,
ASN00037003,19090101,PRCP,0,,,a,
ASN00037003,19100101,PRCP,51,,,a,
ASN00037003,19110101,PRCP,0,,,a,
ASN00037003,19120101,PRCP,0,,,a,
ASN00037003,19130101,PRCP,0,,,a,
ASN00037003,19140101,PRCP,0,,,a,
ASN00037003,19150101,PRCP,0,,,a,
ASN00037003,19160101,PRCP,0,,,a,
ASN00037003,19170101,PRCP,0,,,a,
ASN00037003,19180101,PRCP,0,,,a,
ASN00037003,19190101,PRCP,0,,,a,
ASN00037003,19200101,PRCP,0,,,a,
ASN00037003,19290101,PRCP,0,,,a,
ASN00037003,19300101,PRCP,0,,,a,
ASN00037003,19320101,PRCP,0,,,a,
ASN00037003,19330101,PRCP,0,,,a,
ASN00037003,19340101,PRCP,0,,,a,
ASN00037003,19350101,PRCP,0,,,a,
ASN00037003,19360101,PRCP,0,,,a,
ASN00037003,19370101,PRCP,0,,,a,
ASN00037003,19380101,PRCP,0,,,a,
ASN00037003,19390101,PRCP,0,,,a,
ASN00037003,19420101,PRCP,0,,,a,
ASN00037003,19430101,PRCP,0,,,a,
ASN00037003,19440101,PRCP,0,,,a,
ASN00037003,19450101,PRCP,0,,,a,
ASN00037003,19460101,PRCP,0,,,a,
ASN00037003,19470101,PRCP,0,,,a,
ASN00037003,19480101,PRCP,0,,,a,
ASN00037003,19490101,PRCP,0,,,a,
ASN00037003,19500101,PRCP,0,,,a,
ASN00037003,19510101,PRCP,76,,,a,
ASN00037003,19520101,PRCP,0,,,a,
ASN00037003,19530101,PRCP,0,,,a,
ASN00037003,19540101,PRCP,69,,,a,
ASN00037003,19550101,PRCP,0,,,a,
ASN00037003,19560101,PRCP,0,,,a,
ASN00037003,19570101,PRCP,0,,,a,
ASN00037003,19580101,PRCP,0,,,a,
ASN00037003,19590101,PRCP,102,,,a,
ASN00037003,19600101,PRCP,0,,,a,
ASN00037003,19610101,PRCP,0,,,a,
ASN00037003,19620101,PRCP,0,,,a,
ASN00037003,19630101,PRCP,0,,,a,
ASN00037003,19640101,PRCP,0,,,a,
ASN00037003,19650101,PRCP,0,,,a,
ASN00037003,19660101,PRCP,0,,,a,
ASN00037003,19670101,PRCP,0,,,a,
ASN00037003,19680101,PRCP,56,,,a,
ASN00037003,19690101,PRCP,0,,,a,
ASN00037003,19700101,PRCP,0,,,a,
ASN00037003,19710101,PRCP,0,,,a,
ASN00037003,19720101,PRCP,0,,,a,
ASN00037003,19730101,PRCP,0,,,a,
ASN00037003,19740101,PRCP,0,,,a,
ASN00037003,19750101,PRCP,0,,,a,
ASN00037003,19760101,PRCP,198,,,a,
ASN00037003,19770101,PRCP,0,,,a,
ASN00037003,19780101,PRCP,0,,,a,
ASN00037003,19790101,PRCP,0,,,a,
ASN00037003,19800101,PRCP,152,,,a,
ASN00037003,19810101,PRCP,0,,,a,
ASN00037003,19820101,PRCP,0,,,a,
ASN00037003,19830101,PRCP,0,,,a,
ASN00037003,19840101,PRCP,0,,,a,
ASN00037003,19850101,PRCP,0,,,a,
ASN00037003,19860101,PRCP,0,,,a,
ASN00037003,19870101,PRCP,0,,,a,
ASN00037003,19880101,PRCP,0,,,a,
ASN00037003,19890101,PRCP,0,,,a,
ASN00037003,19900101,PRCP,0,,,a,
ASN00037003,19910101,PRCP,0,,,a,
ASN00037003,19920101,PRCP,0,,,a,
ASN00037003,19930101,PRCP,0,,,a,
ASN00037003,19940101,PRCP,230,,,a,
ASN00037003,19950101,PRCP,0,,,a,
ASN00037003,19960101,PRCP,152,,,a,
ASN00037003,19970101,PRCP,0,,,a,
ASN00037003,19990101,PRCP,650,,,a,
ASN00037003,20000101,PRCP,0,,,a,
ASN00037003,20010101,PRCP,0,,,a,
ASN00037003,20020101,PRCP,0,,,a,
ASN00037003,20040101,PRCP,0,,,a,
ASN00037003,20050101,PRCP,0,,,a,
ASN00037003,20060101,PRCP,0,,,a,
ASN00037003,20070101,PRCP,0,,,a,
ASN00037003,20090101,PRCP,150,,,a,
ASN00037003,20100101,PRCP,0,,,a,
ASN00037003,20110101,PRCP,0,,,a,
US1TXTV0133,20120101,PRCP,0,,,N,
US1TXTV0133,20120101,SNOW,0,,,N,
US1TXTV0133,20130101,PRCP,30,,,N,
US1TXTV0133,20140101,PRCP,0,,,N,
US1TXTV0133,20140101,SNOW,0,,,N,
US1TXTV0133,20150101,PRCP,119,,,N,
US1AZMR0019,20100101,PRCP,0,,,N,
US1AZMR0019,20100101,SNOW,0,,,N,
US1AZMR0019,20110101,PRCP,0,,,N,
US1AZMR0019,20110101,SNOW,0,,,N,
US1AZMR0019,20120101,PRCP,0,,,N,
US1AZMR0019,20120101,SNOW,0,,,N,
USC00178998,20090101,TMAX,-111,,,0,1800
USC00178998,20090101,TMIN,-183,,,0,1800
USC00178998,20090101,TOBS,-139,,,0,1800
USC00178998,20090101,PRCP,0,,,0,0700
USC00178998,20090101,SNOW,0,,,0,
USC00178998,20090101,SNWD,0,,,0,
USC00178998,20100101,TMAX,0,,,0,1800
USC00178998,20100101,TMIN,-56,,,0,1800
USC00178998,20100101,TOBS,-56,,,0,1800
USC00178998,20100101,PRCP,43,,,0,0700
USC00178998,20100101,SNOW,46,,,0,
USC00178998,20100101,SNWD,102,,,0,
USC00178998,20110101,TMAX,94,,,K,0700
USC00178998,20110101,TMIN,0,,I,K,0700
USC00178998,20110101,TOBS,6,,,K,0700
USC00178998,20110101,PRCP,0,,,K,0700
USC00178998,20110101,SNWD,102,,,K,
USC00178998,20120101,TMAX,72,,,7,0700
USC00178998,20120101,TMIN,0,,,7,0700
USC00178998,20120101,TOBS,0,,,7,0700
USC00178998,20120101,PRCP,137,,,7,0700
USC00178998,20120101,SNOW,0,,,7,
USC00178998,20120101,SNWD,0,,,7,
USC00178998,20130101,TMAX,-22,,,7,0700
USC00178998,20130101,TMIN,-117,,,7,0700
USC00178998,20130101,TOBS,-28,,,7,0700
USC00178998,20130101,PRCP,0,T,,7,0700
USC00178998,20130101,SNOW,0,T,,7,
USC00178998,20130101,SNWD,0,,,7,
USC00242347,19220101,TMAX,61,,,6,
USC00242347,19220101,TMIN,-106,,,6,
USC00242347,19220101,TOBS,33,,,6,
USC00242347,19220101,PRCP,0,,,6,
USC00242347,19220101,SNOW,0,,,6,
USC00242347,19220101,SNWD,76,,,6,
USC00242347,19230101,TMAX,22,,,6,
USC00242347,19230101,TMIN,-39,,,6,
USC00242347,19230101,TOBS,-11,,,6,
USC00242347,19230101,PRCP,0,,,6,
USC00242347,19230101,SNOW,0,,,6,
USC00242347,19230101,SNWD,0,T,,6,
USC00242347,19240101,TMAX,-228,,,6,
USC00242347,19240101,TMIN,-411,,,6,
USC00242347,19240101,TOBS,-278,,,6,
USC00242347,19240101,PRCP,0,P,,6,
USC00242347,19240101,SNOW,0,,,6,
USC00242347,19240101,SNWD,203,,,6,
USC00242347,19250101,TMAX,6,,,6,
USC00242347,19250101,TMIN,-133,,,6,
USC00242347,19250101,TOBS,-17,,,6,
USC00242347,19250101,PRCP,0,P,,6,
USC00242347,19250101,SNOW,0,,,6,
USC00242347,19250101,SNWD,457,,,6,
USC00242347,19400101,PRCP,0,T,,6,
USC00242347,19400101,SNOW,13,,,6,
USC00242347,19410101,PRCP,0,T,,6,
USC00242347,19410101,SNOW,0,T,,6,
USC00242347,19420101,PRCP,0,,,6,
USC00242347,19420101,SNOW,0,,,6,
USC00242347,19420101,SNWD,203,,,6,
USC00242347,19430101,PRCP,13,,,6,
USC00242347,19430101,SNOW,51,,,6,
USC00242347,19430101,SNWD,51,,,6,
USC00242347,19440101,PRCP,0,,,6,
USC00242347,19440101,SNOW,0,,,6,
USC00242347,19450101,PRCP,30,,,6,
USC00242347,19450101,SNOW,33,,,6,
USC00242347,19450101,SNWD,102,,,6,
USC00178998,20140101,TMAX,-22,,,7,0700
USC00178998,20140101,TMIN,-283,,,7,0700
USC00178998,20140101,TOBS,-278,,,7,0700
USC00178998,20140101,PRCP,0,,,7,0700
USC00178998,20140101,SNOW,0,,,7,
USC00178998,20140101,SNWD,330,,,7,
USC00178998,20150101,TMAX,-33,,,7,0700
USC00178998,20150101,TMIN,-167,,,7,0700
USC00178998,20150101,TOBS,-67,,,7,0700
USC00178998,20150101,PRCP,0,,,7,0700
USC00178998,20150101,SNOW,0,,,7,
USC00178998,20150101,SNWD,0,,,7,
USC00242347,19090101,TMAX,72,,,6,
USC00242347,19090101,TMIN,-206,,,6,
USC00242347,19090101,TOBS,-6,,,6,
USC00242347,19090101,PRCP,0,,,6,
USC00242347,19090101,SNOW,0,,,6,
USC00242347,19090101,SNWD,0,,,6,
USC00242347,19110101,TMAX,-233,,,6,
USC00242347,19110101,TMIN,-283,,,6,
USC00242347,19110101,TOBS,-278,,,6,
USC00242347,19110101,PRCP,0,,,6,
USC00242347,19110101,SNOW,0,,,6,
USC00242347,19110101,SNWD,51,,,6,
USC00242347,19120101,TMAX,-33,,,6,
USC00242347,19120101,TMIN,-200,,,6,
USC00242347,19120101,TOBS,-133,,,6,
USC00242347,19120101,PRCP,0,,,6,
USC00242347,19120101,SNOW,0,,,6,
USC00242347,19120101,SNWD,76,,,6,
USC00242347,19130101,TMAX,28,,,6,
USC00242347,19130101,TMIN,-100,,,6,
USC00242347,19130101,TOBS,-100,,,6,
USC00242347,19130101,PRCP,13,,,6,
USC00242347,19130101,SNOW,25,,,6,
USC00242347,19130101,SNWD,25,,,6,
USC00242347,19460101,PRCP,0,,,6,
USC00242347,19460101,SNOW,0,,,6,
USC00242347,19460101,SNWD,25,,,6,
USC00242347,19470101,PRCP,0,,,6,
USC00242347,19470101,SNOW,0,,,6,
USC00242347,19470101,SNWD,102,,,6,
USC00242347,19480101,PRCP,0,,,6,
USC00242347,19480101,SNOW,0,,,6,
USC00242347,19480101,SNWD,0,,,6,
USC00242347,19490101,PRCP,0,T,,0,1830
USC00242347,19490101,SNOW,0,,,0,
USC00242347,19490101,SNWD,51,,,0,
USC00242347,19500101,PRCP,53,,,0,1830
USC00242347,19500101,SNOW,51,,,0,
USC00242347,19500101,SNWD,178,,,0,
USC00242347,19510101,PRCP,23,,,0,1830
USC00242347,19510101,SNOW,38,,,0,
USC00242347,19510101,SNWD,178,,,0,
USC00242347,19520101,PRCP,0,,,0,1830
USC00242347,19520101,SNOW,0,,,0,
USC00242347,19520101,SNWD,406,,,0,
USC00242347,19530101,PRCP,0,T,,0,1830
USC00242347,19530101,SNOW,0,,,0,
USC00242347,19540101,PRCP,0,,,0,1830
USC00242347,19540101,SNOW,0,,,0,
USC00242347,19540101,SNWD,0,,,0,
USC00242347,19550101,PRCP,0,,,0,1830
USC00242347,19550101,SNOW,0,,,0,
USC00242347,19550101,SNWD,0,,,0,
USC00242347,19560101,PRCP,0,,,0,1830
USC00242347,19560101,SNOW,0,,,0,
USC00242347,19570101,PRCP,0,,,0,1830
USC00242347,19570101,SNOW,0,,,0,
USC00242347,19580101,PRCP,0,,,0,1830
USC00242347,19580101,SNOW,0,,,0,
USC00242347,19590101,PRCP,0,,,0,1830
USC00242347,19590101,SNOW,0,,,0,
USC00242347,19600101,PRCP,51,,,0,1830
USC00242347,19600101,SNOW,64,,,0,
USC00242347,19140101,TMAX,56,,,6,
USC00242347,19140101,TMIN,-56,,,6,
USC00242347,19140101,TOBS,-44,,,6,
USC00242347,19140101,PRCP,25,,,6,
USC00242347,19140101,SNOW,51,,,6,
USC00242347,19140101,SNWD,76,,,6,
USC00242347,19150101,TMAX,72,,,6,
USC00242347,19150101,TMIN,-67,,,6,
USC00242347,19150101,TOBS,39,,,6,
USC00242347,19150101,PRCP,0,,,6,
USC00242347,19150101,SNOW,0,,,6,
USC00242347,19150101,SNWD,0,,,6,
USC00242347,19160101,TMAX,-39,,,6,
USC00242347,19160101,TMIN,-144,,,6,
USC00242347,19160101,TOBS,-133,,,6,
USC00242347,19160101,PRCP,0,,,6,
USC00242347,19160101,SNOW,0,,,6,
USC00242347,19160101,SNWD,0,T,,6,
USC00242347,19170101,TMAX,0,,,6,
USC00242347,19170101,TMIN,-111,,,6,
USC00242347,19170101,TOBS,0,,,6,
USC00242347,19170101,PRCP,0,,,6,
USC00242347,19170101,SNOW,0,,,6,
USC00242347,19170101,SNWD,0,T,,6,
USC00242347,19180101,TMAX,133,,,6,
USC00242347,19180101,TMIN,67,,,6,
USC00242347,19180101,TOBS,111,,,6,
USC00242347,19180101,PRCP,0,T,,6,
USC00242347,19180101,SNOW,0,,,6,
USC00242347,19180101,SNWD,0,,,6,
USC00242347,19190101,TMAX,-94,,,6,
USC00242347,19190101,TMIN,-183,,,6,
USC00242347,19190101,TOBS,-183,,,6,
USC00242347,19190101,PRCP,58,,,6,
USC00242347,19190101,SNOW,102,,,6,
USC00242347,19190101,SNWD,102,,,6,
USC00242347,19200101,TMAX,44,,,6,
USC00242347,19200101,TMIN,-67,,,6,
USC00242347,19200101,TOBS,28,,,6,
USC00242347,19200101,PRCP,0,,,6,
USC00242347,19200101,SNOW,0,T,,6,
USC00242347,19200101,SNWD,0,T,,6,
USC00242347,19210101,TMAX,39,,,6,
USC00242347,19210101,TMIN,-78,,,6,
USC00242347,19210101,TOBS,28,,,6,
USC00242347,19210101,PRCP,0,,,6,
USC00242347,19210101,SNOW,0,,,6,
USC00242347,19210101,SNWD,0,T,,6,
USC00242347,19610101,PRCP,0,,,0,1830
USC00242347,19610101,SNOW,0,,,0,
USC00242347,19610101,SNWD,0,,,0,
USC00242347,19620101,PRCP,0,,,0,1830
USC00242347,19620101,SNOW,0,,,0,
USC00242347,19620101,SNWD,0,,,0,
USC00242347,19630101,TMAX,89,,,0,1830
USC00242347,19630101,TMIN,-50,,,0,1830
USC00242347,19630101,TOBS,67,,,0,1830
USC00242347,19630101,PRCP,0,,,0,1830
USC00242347,19630101,SNOW,0,,,0,
USC00242347,19630101,SNWD,0,,,0,
USC00242347,19640101,PRCP,0,,,0,1830
USC00242347,19640101,SNOW,0,,,0,
USC00242347,19640101,SNWD,25,,,0,
USC00242347,19650101,TMAX,-11,,,0,1830
USC00242347,19650101,TMIN,-189,,,0,1830
USC00242347,19650101,TOBS,-122,,,0,1830
USC00242347,19650101,PRCP,0,,,0,1830
USC00242347,19650101,SNOW,0,,,0,
USC00242347,19650101,SNWD,483,,,0,
USC00242347,19660101,TMAX,0,,,0,1830
USC00242347,19660101,TMIN,-156,,,0,1830
USC00242347,19660101,TOBS,-89,,,0,1830
USC00242347,19660101,PRCP,0,,,0,1830
USC00242347,19660101,SNOW,0,,,0,
USC00242347,19660101,SNWD,0,,,0,
USC00242347,19670101,TMAX,39,,,0,1830
USC00242347,19670101,TMIN,-56,,,0,1830
USC00242347,19670101,PRCP,0,T,,0,1830
USC00242347,19680101,TMAX,-6,,,0,1830
USC00242347,19680101,TMIN,-233,,,0,1830
USC00242347,19680101,TOBS,-222,,,0,1830
USC00242347,19680101,SNOW,102,,,0,
USC00242347,19690101,TMAX,50,,,0,1830
USC00242347,19690101,TMIN,-183,,,0,1830
USC00242347,19690101,TOBS,-122,,,0,1830
USC00242347,19690101,PRCP,0,,,0,1830
USC00242347,19690101,SNOW,0,,,0,
USC00242347,19700101,TMAX,-22,,,0,1830
USC00242347,19700101,TMIN,-56,,,0,1830
USC00242347,19700101,PRCP,0,,,0,1830
USC00242347,19700101,SNOW,0,,,0,
USC00242347,19710101,TMAX,-17,,,0,1830
USC00242347,19710101,TMIN,-72,,,0,1830
USC00242347,19710101,TOBS,-61,,,0,1830
USC00242347,19710101,PRCP,0,,,0,1830
USC00242347,19710101,SNOW,0,,,0,
USC00242347,19710101,SNWD,51,,,0,
USC00242347,19720101,TMAX,6,,,0,1830
USC00242347,19720101,TMIN,-111,,,0,1830
USC00242347,19720101,TOBS,-6,,,0,1830
USC00242347,19720101,PRCP,0,,,0,1830
USC00242347,19720101,SNOW,0,,,0,
USC00242347,19730101,TMAX,28,,,0,1830
USC00242347,19730101,TMIN,-172,,,0,1830
USC00242347,19730101,TOBS,22,,,0,1830
USC00242347,19730101,PRCP,0,,,0,1830
USC00242347,19730101,SNOW,0,,,0,
USC00242347,19740101,TMAX,-100,,,0,1830
USC00242347,19740101,TMIN,-317,,,0,1830
USC00242347,19740101,TOBS,-100,,,0,1830
USC00242347,19740101,PRCP,0,,,0,1830
USC00242347,19740101,SNOW,0,,,0,
USC00242347,19750101,TMAX,94,,,0,1830
USC00242347,19750101,TMIN,-78,,,0,1830
USC00242347,19750101,TOBS,39,,I,0,1830
USC00242347,19750101,PRCP,0,,,0,1830
USC00242347,19750101,SNWD,0,,,0,
USC00242347,19830101,TMAX,39,,,0,1830
USC00242347,19830101,TMIN,-122,,,0,1830
USC00242347,19830101,TOBS,-117,,,0,1830
USC00242347,19830101,PRCP,0,P,,0,1830
USC00242347,19830101,SNOW,0,P,,0,
USC00242347,19830101,SNWD,51,,,0,
USC00242347,19840101,PRCP,0,P,,0,1830
USC00242347,19840101,SNOW,0,P,,0,
USC00242347,19840101,SNWD,0,,,0,
USC00242347,19850101,TMAX,-33,,,0,1830
USC00242347,19850101,TMIN,-256,,,0,1830
USC00242347,19850101,TOBS,-61,,,0,1830
USC00242347,19850101,PRCP,0,P,,0,1830
USC00242347,19850101,SNOW,0,P,,0,
USC00242347,19860101,TMAX,94,,,0,1830
USC00242347,19860101,TMIN,-28,,,0,1830
USC00242347,19860101,TOBS,44,,,0,1830
USC00242347,19860101,PRCP,0,P,,0,1830
USC00242347,19870101,TMAX,72,,,0,1830
USC00242347,19870101,TMIN,-100,,,0,1830
USC00242347,19870101,TOBS,50,,,0,1830
USC00242347,19870101,PRCP,0,,,0,1830
USC00242347,19880101,TMAX,-17,,,0,1830
USC00242347,19880101,TMIN,-222,,,0,1830
USC00242347,19880101,TOBS,-111,,,0,1830
USC00242347,19880101,PRCP,0,P,,0,1830
USC00242347,19880101,SNOW,0,P,,0,
USC00242347,19880101,SNWD,0,,,0,
USC00242347,19890101,TMAX,0,,,0,1830
USC00242347,19890101,TMIN,-228,,,0,1830
USC00242347,19890101,TOBS,-11,,,0,1830
USC00242347,19890101,PRCP,0,P,,0,1830
USC00242347,19890101,SNOW,0,P,,0,
USC00242347,19890101,SNWD,0,,,0,
USC00242347,19760101,TMAX,-94,,,0,1830
USC00242347,19760101,TMIN,-150,,,0,1830
USC00242347,19760101,TOBS,-139,,,0,1830
USC00242347,19760101,PRCP,8,,,0,1830
USC00242347,19760101,SNWD,51,,,0,
USC00242347,19770101,TMAX,-122,,,0,1830
USC00242347,19770101,TMIN,-333,,,0,1830
USC00242347,19770101,TOBS,-189,,,0,1830
USC00242347,19770101,PRCP,15,,,0,1830
USC00242347,19770101,SNOW,76,,,0,
USC00242347,19780101,TMAX,-117,,,0,1830
USC00242347,19780101,TMIN,-372,,,0,1830
USC00242347,19780101,TOBS,-150,,,0,1830
USC00242347,19780101,PRCP,0,,,0,1830
USC00242347,19780101,SNOW,0,,,0,
USC00242347,19780101,SNWD,305,,,0,
USC00242347,19790101,TMAX,-117,,,0,1830
USC00242347,19790101,TMIN,-206,,,0,1830
USC00242347,19790101,TOBS,-133,,,0,1830
USC00242347,19790101,PRCP,0,,,0,1830
USC00242347,19790101,SNOW,0,,,0,
USC00242347,19790101,SNWD,152,,,0,
USC00242347,19800101,TMAX,100,,,0,1830
USC00242347,19800101,TMIN,-61,,,0,1830
USC00242347,19800101,TOBS,56,,,0,1830
USC00242347,19800101,PRCP,0,,,0,1830
USC00242347,19800101,SNOW,0,,,0,
USC00242347,19800101,SNWD,0,,,0,
USC00242347,19810101,TMAX,83,,,0,1830
USC00242347,19810101,TMIN,-111,,,0,1830
USC00242347,19810101,TOBS,11,,,0,1830
USC00242347,19810101,PRCP,0,,,0,1830
USC00242347,19810101,SNOW,0,,,0,
USC00242347,19810101,SNWD,0,,,0,
USC00242347,19820101,TMAX,-144,,,0,1830
USC00242347,19820101,TMIN,-272,,,0,1830
USC00242347,19820101,TOBS,-244,,,0,1830
USC00242347,19820101,PRCP,0,P,,0,1830
USC00242347,19820101,SNOW,0,P,,0,
USC00242347,19820101,SNWD,25,,,0,
USC00242347,19900101,TMAX,39,,,0,1830
USC00242347,19900101,TMIN,-61,,,0,1830
USC00242347,19900101,TOBS,6,,,0,1830
USC00242347,19900101,PRCP,0,P,,0,1830
USC00242347,19900101,SNOW,0,P,,0,
USC00242347,19900101,SNWD,0,,,0,
USC00242347,19910101,TMAX,-128,,,0,1830
USC00242347,19910101,TMIN,-206,,,0,1830
USC00242347,19910101,TOBS,-194,,,0,1830
USC00242347,19910101,PRCP,30,,,0,1830
USC00242347,19910101,SNWD,102,,,0,
USC00242347,19920101,TMAX,94,,,0,1830
USC00242347,19920101,TMIN,-156,,,0,1830
USC00242347,19920101,TOBS,44,,,0,1830
USC00242347,19920101,PRCP,0,P,,0,1830
USC00242347,19920101,SNOW,0,P,,0,
USC00242347,19920101,SNWD,0,,,0,
USC00242347,19930101,TMAX,-183,,,0,1830
USC00242347,19930101,TMIN,-289,,,0,1830
USC00242347,19930101,TOBS,-189,,,0,1830
USC00242347,19930101,PRCP,0,P,,0,1830
USC00242347,19930101,SNOW,0,P,,0,
USC00242347,19940101,TMAX,61,,,0,1830
USC00242347,19940101,TMIN,-28,,,0,1830
USC00242347,19940101,TOBS,22,,,0,1830
USC00242347,19940101,PRCP,0,P,,0,1830
USC00242347,19940101,SNOW,0,P,,0,
USC00242347,19940101,SNWD,0,,,0,
USC00242347,19950101,TMAX,-56,,,0,1830
USC00242347,19950101,TMIN,-250,,,0,1830
USC00242347,19950101,TOBS,-133,,,0,1830
USC00242347,19950101,PRCP,0,P,,0,1830
USC00242347,19950101,SNOW,0,P,,0,
NOE00133566,19700101,TMAX,15,,,E,
NOE00133566,19700101,TMIN,-20,,,E,
NOE00133566,19700101,PRCP,262,,,E,
NOE00133566,19700101,SNWD,260,,,E,
NOE00133566,19710101,TMAX,6,,,E,
NOE00133566,19710101,TMIN,-29,,,E,
NOE00133566,19710101,PRCP,8,,,E,
NOE00133566,19710101,SNWD,300,,,E,
NOE00133566,19720101,TMAX,27,,,E,
NOE00133566,19720101,TMIN,-41,,,E,
NOE00133566,19720101,PRCP,0,,,E,
NOE00133566,19720101,SNWD,60,,,E,
NOE00133566,19730101,TMAX,106,,,E,
NOE00133566,19730101,TMIN,27,,,E,
NOE00133566,19730101,PRCP,32,,,E,
NOE00133566,19730101,SNWD,0,,,E,
NOE00133566,19740101,TMAX,59,,,E,
NOE00133566,19740101,TMIN,15,,,E,
NOE00133566,19740101,PRCP,5,,,E,
NOE00133566,19740101,SNWD,0,,,E,
NOE00133566,19750101,TMAX,67,,,E,
NOE00133566,19750101,TMIN,12,,,E,
NOE00133566,19750101,PRCP,32,,,E,
NOE00133566,19750101,SNWD,0,,,E,
NOE00133566,19760101,TMAX,5,,,E,
NOE00133566,19760101,TMIN,-54,,,E,
NOE00133566,19760101,PRCP,105,,,E,
NOE00133566,19760101,SNWD,190,,,E,
NOE00133566,19770101,TMAX,45,,,E,
NOE00133566,19770101,TMIN,10,,,E,
NOE00133566,19770101,PRCP,49,,,E,
NOE00133566,19770101,SNWD,320,,,E,
NOE00133566,19780101,TMAX,73,,,E,
NOE00133566,19780101,TMIN,-21,,,E,
NOE00133566,19780101,PRCP,104,,,E,
NOE00133566,19780101,SNWD,140,,,E,
NOE00133566,19790101,TMAX,-127,,,E,
NOE00133566,19790101,TMIN,-168,,,E,
NOE00133566,19790101,PRCP,0,,,E,
NOE00133566,19790101,SNWD,80,,,E,
NOE00133566,19800101,TMAX,7,,,E,
NOE00133566,19800101,TMIN,-61,,,E,
NOE00133566,19800101,PRCP,89,,,E,
NOE00133566,19800101,SNWD,10,,,E,
NOE00133566,19810101,TMAX,42,,,E,
NOE00133566,19810101,TMIN,1,,,E,
NOE00133566,19810101,PRCP,106,,,E,
NOE00133566,19810101,SNWD,50,,,E,
NOE00133566,19820101,TMAX,7,,,E,
NOE00133566,19820101,TMIN,-46,,,E,
NOE00133566,19820101,PRCP,144,,,E,
NOE00133566,19820101,SNWD,340,,,E,
NOE00133566,19830101,TMAX,88,,,E,
NOE00133566,19830101,TMIN,45,,,E,
NOE00133566,19830101,PRCP,118,,,E,
NOE00133566,19830101,SNWD,0,,,E,
NOE00133566,19840101,TMAX,87,,,E,
NOE00133566,19840101,TMIN,4,,,E,
NOE00133566,19840101,PRCP,91,,,E,
NOE00133566,19840101,SNWD,10,,,E,
NOE00133566,19850101,TMAX,32,,,E,
NOE00133566,19850101,TMIN,-1,,,E,
NOE00133566,19850101,PRCP,31,,,E,
NOE00133566,19850101,SNWD,0,,,E,
NOE00133566,19860101,TMAX,-57,,,E,
NOE00133566,19860101,TMIN,-136,,,E,
NOE00133566,19860101,PRCP,0,,,E,
NOE00133566,19860101,SNWD,570,,,E,
NOE00133566,19870101,TMAX,-13,,,E,
NOE00133566,19870101,TMIN,-91,,,E,
NOE00133566,19870101,PRCP,14,,,E,
NOE00133566,19870101,SNWD,230,,,E,
NOE00133566,19880101,TMAX,95,,,E,
NOE00133566,19880101,TMIN,47,,,E,
NOE00133566,19880101,PRCP,102,,,E,
NOE00133566,19880101,SNWD,0,,,E,
NOE00133566,19890101,TMAX,89,,,E,
NOE00133566,19890101,TMIN,68,,,E,
NOE00133566,19890101,PRCP,34,,,E,
NOE00133566,19890101,SNWD,0,,,E,
NOE00133566,19900101,TMAX,-24,,,E,
NOE00133566,19900101,TMIN,-58,,,E,
NOE00133566,19900101,PRCP,0,,,E,
NOE00133566,19900101,SNWD,0,,,E,
NOE00133566,19910101,TMAX,40,,,E,
NOE00133566,19910101,TMIN,-15,,,E,
NOE00133566,19910101,PRCP,5,,,E,
NOE00133566,19910101,SNWD,30,,,E,
NOE00133566,19920101,TMAX,77,,,E,
NOE00133566,19920101,TMIN,30,,,E,
NOE00133566,19920101,PRCP,90,,,E,
NOE00133566,19920101,SNWD,0,,,E,
NOE00133566,19930101,TMAX,85,,,E,
NOE00133566,19930101,TMIN,41,,,E,
NOE00133566,19930101,PRCP,0,,,E,
NOE00133566,19930101,SNWD,0,,,E,
NOE00133566,19940101,TMAX,33,,,E,
NOE00133566,19940101,TMIN,4,,,E,
NOE00133566,19940101,PRCP,79,,,E,
NOE00133566,19940101,SNWD,200,,,E,
NOE00133566,19950101,TMAX,22,,,E,
NOE00133566,19950101,TMIN,-56,,,E,
NOE00133566,19950101,PRCP,7,,,E,
NOE00133566,19950101,SNWD,150,,,E,
NOE00133566,19960101,TMAX,-54,,,E,
NOE00133566,19960101,TMIN,-107,,,E,
NOE00133566,19960101,PRCP,0,,,E,
NOE00133566,19960101,SNWD,580,,,E,
NOE00133566,19970101,TMAX,3,,,E,
NOE00133566,19970101,TMIN,-37,,,E,
NOE00133566,19970101,PRCP,23,,,E,
NOE00133566,19970101,SNWD,150,,,E,
NOE00133566,19980101,TMAX,92,,,E,
NOE00133566,19980101,TMIN,20,,,E,
NOE00133566,19980101,PRCP,1,,,E,
NOE00133566,19980101,SNWD,0,,,E,
NOE00133566,19990101,TMAX,58,,,E,
NOE00133566,19990101,TMIN,23,,,E,
NOE00133566,19990101,PRCP,12,,,E,
NOE00133566,19990101,SNWD,0,,,E,
NOE00133566,20000101,TMAX,72,,,E,
NOE00133566,20000101,TMIN,24,,,E,
NOE00133566,20000101,PRCP,132,,,E,
NOE00133566,20000101,SNWD,160,,,E,
USC00242347,20030101,TMAX,50,,,0,0800
USC00242347,20030101,TMIN,-83,,,0,0800
USC00242347,20030101,TOBS,-61,,,0,0800
USC00242347,20030101,PRCP,0,P,,0,0800
USC00242347,20030101,SNOW,0,P,,0,
USC00242347,20030101,SNWD,0,P,,0,
USC00242347,20040101,TMAX,-39,,,0,0800
USC00242347,20040101,TMIN,-133,,,0,0800
USC00242347,20040101,TOBS,-78,,,0,0800
USC00242347,20040101,PRCP,0,P,,0,0800
USC00242347,20040101,SNOW,0,P,,0,
USC00242347,20040101,SNWD,508,,,0,
USC00242347,20050101,TMAX,-289,,I,0,0800
USC00242347,20050101,TMIN,-183,,I,0,0800
USC00242347,20050101,TOBS,-289,,,0,0800
USC00242347,20050101,PRCP,0,P,,0,0800
USC00242347,20050101,SNOW,0,P,,0,
USC00242347,20060101,TMAX,83,,,0,0800
USC00242347,20060101,TMIN,-22,,,0,0800
USC00242347,20060101,TOBS,-6,,,0,0800
USC00242347,20060101,PRCP,0,P,,0,0800
USC00242347,20060101,SNOW,0,P,,0,
USC00242347,20060101,SNWD,0,P,,0,
USC00242347,20070101,TMAX,89,,,0,0800
USC00242347,20070101,TMIN,-39,,,0,0800
USC00242347,20070101,TOBS,72,,,0,0800
USC00242347,20070101,PRCP,0,P,,0,0800
USC00242347,20070101,SNOW,0,P,,0,
USC00242347,20070101,SNWD,0,P,,0,
USC00242347,20080101,TMAX,-6,,,0,0800
USC00242347,20080101,TMIN,-167,,,0,0800
USC00242347,20080101,TOBS,-11,,,0,0800
USC00242347,20080101,PRCP,0,P,,0,0800
USC00242347,20080101,SNOW,0,P,,0,
USC00242347,20080101,SNWD,0,,,0,
NOE00133566,20010101,TMAX,53,,,E,
NOE00133566,20010101,TMIN,18,,,E,
NOE00133566,20010101,PRCP,0,,,E,
NOE00133566,20010101,SNWD,350,,,E,
NOE00133566,20020101,TMAX,49,,,E,
NOE00133566,20020101,TMIN,-4,,,E,
NOE00133566,20020101,PRCP,182,,,E,
NOE00133566,20020101,SNWD,560,,,E,
NOE00133566,20030101,TMAX,29,,,E,
NOE00133566,20030101,TMIN,-11,,,E,
NOE00133566,20030101,PRCP,35,,,E,
NOE00133566,20030101,SNWD,10,,,E,
NOE00133566,20040101,TMAX,47,,,E,
NOE00133566,20040101,TMIN,-24,,,E,
NOE00133566,20040101,PRCP,0,,,E,
NOE00133566,20040101,SNWD,140,,,E,
NOE00133566,20050101,TMAX,72,,,E,
NOE00133566,20050101,TMIN,49,,,E,
NOE00133566,20050101,PRCP,195,,,E,
NOE00133566,20050101,SNWD,0,,,E,
NOE00133566,20060101,TMAX,22,,,E,
NOE00133566,20060101,TMIN,-52,,,E,
NOE00133566,20060101,PRCP,7,,,E,
NOE00133566,20060101,SNWD,40,,,E,
NOE00133566,20070101,TMAX,66,,,E,
NOE00133566,20070101,TMIN,34,,,E,
NOE00133566,20070101,PRCP,151,,,E,
NOE00133566,20070101,SNWD,0,,,E,
NOE00133566,20080101,TMAX,0,,,E,
NOE00133566,20080101,TMIN,-51,,,E,
NOE00133566,20080101,PRCP,0,,,E,
NOE00133566,20080101,SNWD,20,,,E,
NOE00133566,20090101,TMAX,12,,,E,
NOE00133566,20090101,TMIN,-37,,,E,
NOE00133566,20090101,PRCP,122,,,E,
NOE00133566,20090101,SNWD,30,,,E,
NOE00133566,20100101,TMAX,2,,,E,
NOE00133566,20100101,TMIN,-84,,,E,
NOE00133566,20100101,PRCP,1,,,E,
NOE00133566,20100101,SNWD,490,,,E,
NOE00133566,20110101,TMAX,47,,,E,
NOE00133566,20110101,TMIN,16,,,E,
NOE00133566,20110101,PRCP,278,,,E,
NOE00133566,20110101,SNWD,260,,,E,
USC00242347,20090101,TMAX,-17,L,,0,0800
USC00242347,20090101,TMIN,-72,L,,0,0800
USC00242347,20090101,TOBS,-44,L,,0,0800
USC00242347,20090101,PRCP,23,,,0,0800
USC00242347,20090101,SNOW,38,,,0,
USC00242347,20100101,TMAX,33,,,0,0800
USC00242347,20100101,TMIN,-161,,,0,0800
USC00242347,20100101,TOBS,28,,,0,0800
USC00242347,20100101,PRCP,0,T,,0,0800
USC00242347,20110101,TMAX,-44,,,K,0800
USC00242347,20110101,TMIN,-111,,,K,0800
USC00242347,20110101,TOBS,-50,,,K,0800
USC00242347,20120101,TMAX,6,,,K,0800
USC00242347,20120101,TMIN,-100,,,K,0800
USC00242347,20120101,TOBS,-67,,,K,0800
USC00242347,20120101,SNWD,51,,,K,
USC00242347,20130101,TMAX,6,,,7,0800
USC00242347,20130101,TMIN,-139,,,7,0800
USC00242347,20130101,TOBS,6,,,7,0800
USC00242347,20130101,PRCP,0,,,7,0800
USC00242347,20130101,SNOW,0,,,7,
USC00242347,20130101,SNWD,76,,,7,
USC00242347,20140101,TMAX,6,,,7,0800
USC00242347,20140101,TMIN,-67,,,7,0800
USC00242347,20140101,TOBS,-28,,,7,0800
USC00242347,20140101,PRCP,58,,,7,0800
USC00242347,20140101,SNOW,102,,,7,
USC00242347,20140101,SNWD,102,,,7,
USC00242347,20150101,TMAX,0,,,H,0800
USC00242347,20150101,TMIN,-133,,,H,0800
USC00242347,20150101,TOBS,-39,,,H,0800
USC00242347,20150101,PRCP,0,,,H,0800
USC00242347,20150101,SNOW,0,,,H,
US1ORLA0005,20080101,PRCP,0,,,N,
US1ORLA0005,20080101,SNOW,0,,,N,
USC00242347,19960101,TMAX,-11,,,0,1830
USC00242347,19960101,TMIN,-117,,,0,1830
USC00242347,19960101,TOBS,-117,,,0,1830
USC00242347,19960101,PRCP,18,,,0,1830
USC00242347,19960101,SNWD,51,,,0,
USC00242347,19970101,TMAX,117,,,0,1830
USC00242347,19970101,TMIN,-6,,,0,1830
USC00242347,19970101,TOBS,39,,,0,1830
USC00242347,19970101,PRCP,0,P,,0,1830
USC00242347,19970101,SNOW,0,P,,0,
USC00242347,19980101,TMAX,128,,,0,1830
USC00242347,19980101,TMIN,-6,,,0,1830
USC00242347,19980101,TOBS,17,,,0,1830
USC00242347,19980101,PRCP,0,P,,0,1830
USC00242347,19980101,SNOW,0,P,,0,
USC00242347,19980101,SNWD,0,P,,0,
USC00242347,19990101,TMAX,50,,,0,1830
USC00242347,19990101,TMIN,-94,,,0,1830
USC00242347,19990101,TOBS,-72,,,0,1830
USC00242347,19990101,PRCP,25,,,0,1830
USC00242347,19990101,SNOW,76,,,0,
USC00242347,19990101,SNWD,76,,,0,
USC00242347,20000101,TMAX,61,,,0,1830
USC00242347,20000101,TMIN,-72,,,0,1830
USC00242347,20000101,TOBS,11,,,0,1830
USC00242347,20000101,PRCP,0,P,,0,1830
USC00242347,20000101,SNOW,0,P,,0,
USC00242347,20000101,SNWD,0,P,,0,
USC00242347,20010101,TMAX,44,,,0,1830
USC00242347,20010101,TMIN,-122,,,0,1830
USC00242347,20010101,TOBS,-22,,,0,1830
USC00242347,20010101,PRCP,0,P,,0,1830
USC00242347,20010101,SNOW,0,P,,0,
USC00242347,20010101,SNWD,0,P,,0,
USC00242347,20020101,TMAX,-72,,,0,0800
USC00242347,20020101,TMIN,-222,,,0,0800
USC00242347,20020101,TOBS,-217,,,0,0800
USC00242347,20020101,PRCP,0,P,,0,0800
USC00242347,20020101,SNOW,0,P,,0,
USC00242347,20020101,SNWD,0,P,,0,
USC00141761,20160101,TMAX,22,,,7,0700
USC00141761,20160101,TMIN,-89,,,7,0700
USC00141761,20160101,TOBS,-89,,,7,0700
USC00141761,20160101,PRCP,0,,,7,0700
USC00141761,20160101,SNOW,0,,,7,
USC00141761,20160101,SNWD,0,,,7,0700
US1SCPC0003,20090101,PRCP,0,,,N,
US1SCPC0003,20090101,SNOW,0,,,N,
US1SCPC0003,20110101,PRCP,0,,,N,
US1SCPC0003,20110101,SNOW,0,,,N,
US1SCPC0003,20120101,PRCP,0,,,N,
US1SCPC0003,20120101,SNOW,0,,,N,
USS0018D08S,19810101,TOBS,-3,,,T,
USS0018D08S,19810101,PRCP,0,,,T,
USS0018D08S,19810101,WESD,0,,,T,
USS0018D08S,19820101,TOBS,-93,,,T,
USS0018D08S,19820101,PRCP,0,,,T,
USS0018D08S,19820101,WESD,559,,,T,
USS0018D08S,19830101,TOBS,-87,,,T,
USS0018D08S,19830101,PRCP,0,,,T,
USS0018D08S,19830101,WESD,914,,,T,
USS0018D08S,19840101,TOBS,-49,,,T,
USS0018D08S,19840101,PRCP,0,,,T,
USS0018D08S,19840101,WESD,1676,,,T,
USS0018D08S,19850101,PRCP,0,,,T,
USS0018D08S,19850101,WESD,1600,,,T,
USS0018D08S,19860101,TOBS,-53,,,T,
USS0018D08S,19860101,PRCP,0,,,T,
USS0018D08S,19860101,WESD,787,,,T,
USS0018D08S,19870101,TOBS,-69,,,T,
USS0018D08S,19870101,PRCP,76,,,T,
USS0018D08S,19870101,WESD,838,,,T,
USS0018D08S,19880101,TOBS,-154,,,T,
USS0018D08S,19880101,PRCP,25,,,T,
USS0018D08S,19880101,WESD,203,,,T,
USS0018D08S,19890101,TMAX,0,,D,T,
USS0018D08S,19890101,TMIN,0,,D,T,
USS0018D08S,19890101,TOBS,-31,,,T,
USS0018D08S,19890101,PRCP,0,,,T,
USS0018D08S,19890101,TAVG,0,,,T,
USS0018D08S,19890101,WESD,279,,,T,
NOE00133566,20120101,TMAX,78,,,E,
NOE00133566,20120101,TMIN,41,,,E,
NOE00133566,20120101,PRCP,33,,,E,
NOE00133566,20120101,SNWD,0,,,E,
NOE00133566,20130101,TMAX,62,,,E,
NOE00133566,20130101,TMIN,9,,,E,
NOE00133566,20130101,PRCP,193,,,E,
NOE00133566,20130101,SNWD,0,,,E,
NOE00133566,20140101,TMAX,84,,,E,
NOE00133566,20140101,TMIN,22,,,E,
NOE00133566,20140101,PRCP,4,,,E,
NOE00133566,20140101,SNWD,0,,,E,
NOE00133566,20150101,TMAX,90,,,E,
NOE00133566,20150101,TMIN,44,,,E,
NOE00133566,20150101,PRCP,248,,,E,
NOE00133566,20150101,SNWD,40,,,E,
NOE00133566,20160101,TMAX,95,,,E,
NOE00133566,20160101,TMIN,23,,,E,
NOE00133566,20160101,PRCP,37,,,E,
ASN00028020,19930101,PRCP,120,,,a,
ASN00028020,19940101,PRCP,0,,,a,
USC00141761,20030101,TMAX,89,,,0,0700
USC00141761,20030101,TMIN,-56,,,0,0700
USC00141761,20030101,TOBS,-17,,,0,0700
USC00141761,20030101,PRCP,0,,,0,0700
USC00141761,20030101,SNOW,0,P,,0,
USC00141761,20040101,TMAX,56,,,0,0700
USC00141761,20040101,TMIN,-44,,,0,0700
USC00141761,20040101,TOBS,33,,,0,0700
USC00141761,20040101,PRCP,0,,,0,0700
USC00141761,20040101,SNOW,0,P,,0,
USC00141761,20040101,SNWD,0,P,,0,
USC00141761,20050101,TMAX,128,,,0,0700
USC00141761,20050101,TMIN,-6,,,0,0700
USC00141761,20050101,TOBS,56,,,0,0700
USC00141761,20050101,PRCP,0,,,0,0700
USC00141761,20050101,SNOW,0,P,,0,
USC00141761,20050101,SNWD,0,P,,0,
USS0018D08S,19900101,TMAX,3,,,T,
USS0018D08S,19900101,TMIN,-70,,,T,
